Feature ID	Taxon	confidence
seq1	k__Bacteria; p__Bacteroidetes; c__Bacteroidia; o__Bacteroidales; f__Bacteroidaceae; g__Bacteroides; s__sp12288-thetaiotaomicron	0.99
seq2	k__Bacteria; p__Verrucomicrobia; c__Verrucomicrobiae; o__Verrucomicrobiales; f__Verrucomicrobiaceae; g__Akkermansia; s__muciniphila	0.99
seq4	k__Bacteria; p__Actinobacteria; c__Coriobacteriia; o__Coriobacteriales; f__Coriobacteriaceae; g__NA; s__sp10426	0.99
seq5	k__Bacteria; p__Bacteroidetes; c__Bacteroidia; o__Bacteroidales; f__NA; g__NA; s__sp12656	0.99
seq6	k__Bacteria; p__Firmicutes; c__Bacilli; o__Lactobacillales; f__Lactobacillaceae; g__Lactobacillus; s__johnsonii	0.99
seq7	k__Bacteria; p__Firmicutes; c__Erysipelotrichia; o__Erysipelotrichales; f__Erysipelotrichaceae; g__NA; s__sp36741	0.99
seq8	k__Bacteria; p__Proteobacteria; c__Betaproteobacteria; o__Burkholderiales; f__Alcaligenaceae; g__Parasutterella; s__excrementihominis	0.99
seq9	k__Bacteria; p__Firmicutes; c__Erysipelotrichia; o__Erysipelotrichales; f__Erysipelotrichaceae; g__Turicibacter; s__sanguinis	0.99
seq10	k__Bacteria; p__Firmicutes; c__Erysipelotrichia; o__Erysipelotrichales; f__Erysipelotrichaceae; g__Allobaculum; s__sp36555	0.99
seq11	k__Bacteria; p__Firmicutes; c__Erysipelotrichia; o__Erysipelotrichales; f__Erysipelotrichaceae; g__NA; s__sp36741	0.99
seq12	k__Bacteria; p__Firmicutes; c__Clostridia; o__Clostridiales; f__Lachnospiraceae; g__Blautia; s__hansenii-producta	0.99
seq13	k__Bacteria; p__Firmicutes; c__Clostridia; o__Clostridiales; f__Peptostreptococcaceae; g__Romboutsia; s__ilealis	0.99
seq14	k__Bacteria; p__Firmicutes; c__Clostridia; o__Clostridiales; f__Lachnospiraceae; g__NA; s__sp33425	0.99
seq15	k__Bacteria; p__Bacteroidetes; c__Bacteroidia; o__Bacteroidales; f__NA; g__NA; s__sp12656	0.99
seq16	k__Bacteria; p__Firmicutes; c__Clostridia; o__Clostridiales; f__Family XIII; g__NA; s__sp31651	0.99
seq17	k__Bacteria; p__Firmicutes; c__Erysipelotrichia; o__Erysipelotrichales; f__Erysipelotrichaceae; g__Erysipelatoclostridium; s__sp36616-sp36629	0.99
seq18	k__Bacteria; p__Firmicutes; c__Clostridia; o__Clostridiales; f__Lachnospiraceae; g__NA; s__sp33374	0.99
seq19	k__Bacteria; p__Bacteroidetes; c__Bacteroidia; o__Bacteroidales; f__Rikenellaceae; g__Alistipes; s__sp14336	0.99
seq20	k__Bacteria; p__Firmicutes; c__Bacilli; o__Bacillales; f__Staphylococcaceae; g__Staphylococcus; s__capitis-caprae-epidermidis	0.99
seq21	k__Bacteria; p__Bacteroidetes; c__Bacteroidia; o__Bacteroidales; f__NA; g__NA; s__sp12645	0.99
seq22	k__Bacteria; p__Firmicutes; c__Clostridia; o__Clostridiales; f__Ruminococcaceae; g__NA; s__sp35693	0.99
seq23	k__Bacteria; p__Bacteroidetes; c__Bacteroidia; o__Bacteroidales; f__NA; g__NA; s__sp12645	0.99
seq24	k__Bacteria; p__Firmicutes; c__Clostridia; o__Clostridiales; f__NA; g__NA; s__sp31125	0.99
seq25	k__Bacteria; p__Firmicutes; c__Clostridia; o__Clostridiales; f__Ruminococcaceae; g__Anaerotruncus; s__sp34453	0.99
seq26	k__Bacteria; p__Firmicutes; c__Clostridia; o__Clostridiales; f__Clostridiaceae; g__Clostridium; s__subterminale	0.99
seq27	k__Bacteria; p__Bacteroidetes; c__Bacteroidia; o__Bacteroidales; f__Bacteroidaceae; g__Bacteroides; s__sp12288-thetaiotaomicron	0.99
seq28	k__Bacteria; p__Firmicutes; c__Clostridia; o__Clostridiales; f__NA; g__NA; s__sp31125	0.99
seq29	k__Bacteria; p__Proteobacteria; c__Betaproteobacteria; o__Burkholderiales; f__Alcaligenaceae; g__Parasutterella; s__excrementihominis	0.99
seq30	k__Bacteria; p__Bacteroidetes; c__Bacteroidia; o__Bacteroidales; f__NA; g__NA; s__sp12510	0.99
seq31	k__Bacteria; p__Firmicutes; c__Clostridia; o__Clostridiales; f__Lachnospiraceae; g__Lachnoclostridium; s__sp32402	0.99
seq32	k__Bacteria; p__Firmicutes; c__Clostridia; o__Clostridiales; f__Ruminococcaceae; g__Ruminiclostridium; s__sp34949	0.99
seq33	k__Bacteria; p__Firmicutes; c__Clostridia; o__Clostridiales; f__Clostridiaceae; g__Clostridium; s__celatum	0.99
seq34	k__Bacteria; p__Proteobacteria; c__Alphaproteobacteria; o__Rhodospirillales; f__Rhodospirillaceae; g__Thalassospira; s__sp46235	0.99
seq35	k__Bacteria; p__Proteobacteria; c__Alphaproteobacteria; o__Rhodospirillales; f__Rhodospirillaceae; g__Thalassospira; s__sp46235	0.99
seq36	k__Bacteria; p__Bacteroidetes; c__Bacteroidia; o__Bacteroidales; f__NA; g__NA; s__sp12514	0.99
seq37	k__Bacteria; p__Firmicutes; c__Clostridia; o__Clostridiales; f__Ruminococcaceae; g__NA; s__sp34794	0.99
seq38	k__Bacteria; p__Firmicutes; c__Bacilli; o__Lactobacillales; f__Enterococcaceae; g__Enterococcus; s__avium	0.99
seq39	k__Bacteria; p__Firmicutes; c__Clostridia; o__Clostridiales; f__Lachnospiraceae; g__NA; s__sp32790	0.99
seq40	k__Bacteria; p__Firmicutes; c__Clostridia; o__Clostridiales; f__Lachnospiraceae; g__NA; s__sp33760	0.99
seq41	k__Bacteria; p__Firmicutes; c__Clostridia; o__Clostridiales; f__NA; g__NA; s__sp31087-sp31102	0.99
seq42	k__Bacteria; p__Firmicutes; c__Clostridia; o__Clostridiales; f__Lachnospiraceae; g__NA; s__sp32862-sp32872-sp32880	0.99
seq43	k__Bacteria; p__Actinobacteria; c__Actinobacteria; o__Corynebacteriales; f__Corynebacteriaceae; g__Corynebacterium; s__accolens	0.99
seq44	k__Bacteria; p__Bacteroidetes; c__Bacteroidia; o__Bacteroidales; f__Bacteroidaceae; g__Bacteroides; s__sp12288-thetaiotaomicron	0.99
seq45	k__Bacteria; p__Firmicutes; c__Clostridia; o__Clostridiales; f__Lachnospiraceae; g__Robinsoniella; s__peoriensis	0.99
seq46	k__Bacteria; p__Firmicutes; c__Clostridia; o__Clostridiales; f__Lachnospiraceae; g__NA; s__sp32862	0.99
seq48	k__Bacteria; p__Firmicutes; c__Clostridia; o__Clostridiales; f__Lachnospiraceae; g__NA; s__sp32617-sp32782	0.99
seq49	k__Bacteria; p__Firmicutes; c__Clostridia; o__Clostridiales; f__Lachnospiraceae; g__Lachnoclostridium; s__sp32428	0.99
seq50	k__Bacteria; p__Firmicutes; c__Clostridia; o__Clostridiales; f__Ruminococcaceae; g__NA; s__sp35598	0.99
seq51	k__Bacteria; p__Bacteroidetes; c__Bacteroidia; o__Bacteroidales; f__NA; g__NA; s__sp12656	0.99
seq52	k__Bacteria; p__Actinobacteria; c__Coriobacteriia; o__Coriobacteriales; f__Coriobacteriaceae; g__NA; s__sp10426	0.99
seq53	k__Bacteria; p__Firmicutes; c__Clostridia; o__Clostridiales; f__Lachnospiraceae; g__Tyzzerella; s__sp33287	0.99
seq54	k__Bacteria; p__Firmicutes; c__Clostridia; o__Clostridiales; f__Ruminococcaceae; g__Ruminiclostridium; s__sp34857-sp34950	0.99
seq55	k__Bacteria; p__Firmicutes; c__Bacilli; o__Bacillales; f__Staphylococcaceae; g__Staphylococcus; s__haemolyticus	0.99
seq56	k__Bacteria; p__Firmicutes; c__Clostridia; o__Clostridiales; f__Lachnospiraceae; g__NA; s__sp33760	0.99
seq57	k__Bacteria; p__Firmicutes; c__Erysipelotrichia; o__Erysipelotrichales; f__Erysipelotrichaceae; g__Allobaculum; s__sp36555	0.99
seq58	k__Bacteria; p__Firmicutes; c__Clostridia; o__Clostridiales; f__Lachnospiraceae; g__NA; s__sp32778	0.99
seq59	k__Bacteria; p__Firmicutes; c__Clostridia; o__Clostridiales; f__Peptostreptococcaceae; g__Romboutsia; s__ilealis	0.99
seq60	k__Bacteria; p__Firmicutes; c__Clostridia; o__Clostridiales; f__Lachnospiraceae; g__NA; s__sp33565	0.99
seq61	k__Bacteria; p__Firmicutes; c__Bacilli; o__Lactobacillales; f__Lactobacillaceae; g__Lactobacillus; s__johnsonii	0.99
seq62	k__Bacteria; p__Actinobacteria; c__Coriobacteriia; o__Coriobacteriales; f__Coriobacteriaceae; g__Enterorhabdus; s__caecimuris	0.99
seq63	k__Bacteria; p__Firmicutes; c__Clostridia; o__Clostridiales; f__Lachnospiraceae; g__NA; s__sp33577	0.99
seq64	k__Bacteria; p__Bacteroidetes; c__Bacteroidia; o__Bacteroidales; f__Prevotellaceae; g__Prevotella; s__timonensis	0.99
seq65	k__Bacteria; p__Firmicutes; c__Clostridia; o__Clostridiales; f__Ruminococcaceae; g__NA; s__sp35494	0.99
seq67	k__Bacteria; p__Firmicutes; c__Clostridia; o__Clostridiales; f__Lachnospiraceae; g__NA; s__sp33781	0.99
seq68	k__Bacteria; p__Firmicutes; c__Clostridia; o__Clostridiales; f__Lachnospiraceae; g__NA; s__sp32761	0.99
seq69	k__Bacteria; p__Proteobacteria; c__Alphaproteobacteria; o__Rhizobiales; f__Bradyrhizobiaceae; g__Afipia-Bradyrhizobium; s__NA	0.99
seq70	k__Bacteria; p__Firmicutes; c__Clostridia; o__Clostridiales; f__NA; g__NA; s__sp31126	0.99
seq71	k__Bacteria; p__Firmicutes; c__Clostridia; o__Clostridiales; f__Lachnospiraceae; g__Lachnoclostridium; s__sp32344	0.99
seq72	k__Bacteria; p__Firmicutes; c__Bacilli; o__Bacillales; f__Staphylococcaceae; g__Staphylococcus; s__capitis-caprae-epidermidis	0.99
seq73	k__Bacteria; p__Firmicutes; c__Clostridia; o__Clostridiales; f__Ruminococcaceae; g__NA; s__sp35499	0.99
seq74	k__Bacteria; p__Firmicutes; c__Clostridia; o__Clostridiales; f__Lachnospiraceae; g__NA; s__sp32625	0.99
seq75	k__Bacteria; p__Firmicutes; c__Clostridia; o__Clostridiales; f__Ruminococcaceae; g__NA; s__sp35423	0.99
seq76	k__Bacteria; p__Firmicutes; c__Bacilli; o__Bacillales; f__Bacillaceae; g__Geobacillus; s__stearothermophilus	0.99
seq77	k__Bacteria; p__Firmicutes; c__Clostridia; o__Clostridiales; f__Ruminococcaceae; g__NA; s__sp35361	0.99
seq78	k__Bacteria; p__Firmicutes; c__Bacilli; o__Lactobacillales; f__Streptococcaceae; g__Streptococcus; s__mitis-oralis-sanguinis	0.99
seq79	k__Bacteria; p__Firmicutes; c__Clostridia; o__Clostridiales; f__Lachnospiraceae; g__NA; s__sp33492	0.99
seq80	k__Bacteria; p__Tenericutes; c__Mollicutes; o__Anaeroplasmatales; f__Anaeroplasmataceae; g__Anaeroplasma; s__sp67615	0.99
seq81	k__Bacteria; p__Actinobacteria; c__Coriobacteriia; o__Coriobacteriales; f__Coriobacteriaceae; g__Enterorhabdus; s__sp10448	0.99
seq82	k__Bacteria; p__Firmicutes; c__Clostridia; o__Clostridiales; f__Family XI; g__Tissierella; s__praeacuta	0.99
seq83	k__Bacteria; p__Firmicutes; c__Clostridia; o__Clostridiales; f__Lachnospiraceae; g__Blautia; s__sp32002-sp32009	0.99
seq84	k__Bacteria; p__Firmicutes; c__Bacilli; o__Lactobacillales; f__Streptococcaceae; g__Streptococcus; s__dysgalactiae	0.99
seq85	k__Bacteria; p__Firmicutes; c__Clostridia; o__Clostridiales; f__Lachnospiraceae; g__Anaerostipes; s__caccae	0.99
seq86	k__Bacteria; p__Firmicutes; c__Clostridia; o__Clostridiales; f__Lachnospiraceae; g__Marvinbryantia; s__sp32970-sp32983	0.99
seq87	k__Bacteria; p__Firmicutes; c__Clostridia; o__Clostridiales; f__Family XIII; g__NA; s__sp31622	0.99
seq88	k__Bacteria; p__Actinobacteria; c__Coriobacteriia; o__Coriobacteriales; f__Coriobacteriaceae; g__Enterorhabdus; s__mucosicola	0.99
seq89	k__Bacteria; p__Firmicutes; c__Clostridia; o__Clostridiales; f__Ruminococcaceae; g__NA; s__sp35384	0.99
seq90	k__Bacteria; p__Firmicutes; c__Clostridia; o__Clostridiales; f__Ruminococcaceae; g__NA; s__sp34878	0.99
seq91	k__Bacteria; p__Actinobacteria; c__Actinobacteria; o__Corynebacteriales; f__Corynebacteriaceae; g__Corynebacterium; s__accolens-macginleyi	0.99
seq92	k__Bacteria; p__Firmicutes; c__Clostridia; o__Clostridiales; f__Lachnospiraceae; g__NA; s__sp33416-sp33419	0.99
seq93	k__Bacteria; p__Firmicutes; c__Clostridia; o__Clostridiales; f__Lachnospiraceae; g__NA; s__sp32648	0.99
seq94	k__Bacteria; p__Proteobacteria; c__Betaproteobacteria; o__Burkholderiales; f__Comamonadaceae; g__Schlegelella; s__aquatica	0.99
seq95	k__Bacteria; p__Firmicutes; c__Clostridia; o__Clostridiales; f__Lachnospiraceae; g__NA; s__sp33459	0.99
seq96	k__Bacteria; p__Proteobacteria; c__Betaproteobacteria; o__Hydrogenophilales; f__Hydrogenophilaceae; g__Tepidiphilus; s__succinatimandens	0.99
seq97	k__Bacteria; p__Firmicutes; c__Clostridia; o__Clostridiales; f__Ruminococcaceae; g__Anaerotruncus; s__sp34481	0.99
seq98	k__Bacteria; p__Firmicutes; c__Erysipelotrichia; o__Erysipelotrichales; f__Erysipelotrichaceae; g__Turicibacter; s__sanguinis	0.99
seq99	k__Bacteria; p__Firmicutes; c__Clostridia; o__Clostridiales; f__Lachnospiraceae; g__NA; s__sp33760	0.99
seq100	k__Bacteria; p__Proteobacteria; c__Gammaproteobacteria; o__Enterobacteriales; f__Enterobacteriaceae; g__Enterobacter; s__NA	0.99
seq101	k__Bacteria; p__Firmicutes; c__Clostridia; o__Clostridiales; f__Lachnospiraceae; g__NA; s__sp32735	0.99
seq102	k__Bacteria; p__Firmicutes; c__Clostridia; o__Clostridiales; f__Lachnospiraceae; g__NA; s__sp33558	0.99
seq103	k__Bacteria; p__Firmicutes; c__Clostridia; o__Clostridiales; f__Lachnospiraceae; g__NA; s__sp32255	0.99
seq104	k__Bacteria; p__Firmicutes; c__Clostridia; o__Clostridiales; f__Lachnospiraceae; g__NA; s__sp33731	0.99
seq105	k__Bacteria; p__Firmicutes; c__Clostridia; o__Clostridiales; f__Ruminococcaceae; g__Oscillibacter; s__sp34634	0.99
seq106	k__Bacteria; p__Firmicutes; c__Clostridia; o__Clostridiales; f__Lachnospiraceae; g__NA; s__sp32910	0.99
seq107	k__Bacteria; p__Firmicutes; c__Clostridia; o__Clostridiales; f__Lachnospiraceae; g__Lachnoclostridium; s__sp32387	0.99
seq108	k__Bacteria; p__Firmicutes; c__Clostridia; o__Clostridiales; f__Lachnospiraceae; g__NA; s__sp32254	0.99
seq109	k__Bacteria; p__Firmicutes; c__Clostridia; o__Clostridiales; f__Ruminococcaceae; g__NA; s__sp35297	0.99
seq110	k__Bacteria; p__Firmicutes; c__Clostridia; o__Clostridiales; f__Lachnospiraceae; g__NA; s__sp33518	0.99
seq111	k__Bacteria; p__Firmicutes; c__Bacilli; o__Bacillales; f__Staphylococcaceae; g__Staphylococcus; s__epidermidis-hominis	0.99
seq112	k__Bacteria; p__Firmicutes; c__Clostridia; o__Clostridiales; f__Clostridiaceae; g__Clostridium; s__celatum	0.99
seq113	k__Bacteria; p__Firmicutes; c__Clostridia; o__Clostridiales; f__Lachnospiraceae; g__NA; s__sp32790	0.99
seq114	k__Bacteria; p__Firmicutes; c__Clostridia; o__Clostridiales; f__Lachnospiraceae; g__NA; s__sp32498	0.99
seq115	k__Bacteria; p__Firmicutes; c__Clostridia; o__Clostridiales; f__Peptostreptococcaceae; g__Romboutsia; s__ilealis	0.99
seq116	k__Bacteria; p__Firmicutes; c__Clostridia; o__Clostridiales; f__Lachnospiraceae; g__NA; s__sp33614	0.99
seq117	k__Bacteria; p__Firmicutes; c__Clostridia; o__Clostridiales; f__Lachnospiraceae; g__Blautia; s__sp32038	0.99
seq119	k__Bacteria; p__Firmicutes; c__Clostridia; o__Clostridiales; f__Lachnospiraceae; g__NA; s__sp33582	0.99
seq120	k__Bacteria; p__Firmicutes; c__Clostridia; o__Clostridiales; f__Ruminococcaceae; g__Anaerotruncus; s__sp34455	0.99
seq121	k__Bacteria; p__Firmicutes; c__Clostridia; o__Clostridiales; f__Lachnospiraceae; g__NA; s__sp33631	0.99
seq122	k__Bacteria; p__Firmicutes; c__Clostridia; o__Clostridiales; f__Ruminococcaceae; g__NA; s__sp35181	0.99
seq123	k__Bacteria; p__Firmicutes; c__Clostridia; o__Clostridiales; f__Ruminococcaceae; g__NA; s__sp35373	0.99
seq124	k__Bacteria; p__Firmicutes; c__Clostridia; o__Clostridiales; f__Lachnospiraceae; g__NA; s__sp33453	0.99
seq125	k__Bacteria; p__Firmicutes; c__Clostridia; o__Clostridiales; f__Lachnospiraceae; g__NA; s__sp32761	0.99
seq126	k__Bacteria; p__Firmicutes; c__Clostridia; o__Clostridiales; f__Ruminococcaceae; g__Anaerotruncus; s__sp34466	0.99
seq127	k__Bacteria; p__Firmicutes; c__Clostridia; o__Clostridiales; f__Ruminococcaceae; g__Anaerotruncus; s__sp34438	0.99
seq128	k__Bacteria; p__Firmicutes; c__Clostridia; o__Clostridiales; f__Lachnospiraceae; g__NA; s__sp33760	0.99
seq129	k__Bacteria; p__Firmicutes; c__Clostridia; o__Clostridiales; f__Ruminococcaceae; g__NA; s__sp35733	0.99
seq130	k__Bacteria; p__Firmicutes; c__Clostridia; o__Clostridiales; f__Lachnospiraceae; g__NA; s__sp33761	0.99
seq131	k__Bacteria; p__Firmicutes; c__Clostridia; o__Clostridiales; f__Lachnospiraceae; g__NA; s__sp32910	0.99
seq132	k__Bacteria; p__Firmicutes; c__Clostridia; o__Clostridiales; f__Lachnospiraceae; g__NA; s__sp32796	0.99
seq133	k__Bacteria; p__Verrucomicrobia; c__Verrucomicrobiae; o__Verrucomicrobiales; f__Verrucomicrobiaceae; g__Akkermansia; s__muciniphila	0.99
seq134	k__Bacteria; p__Firmicutes; c__Clostridia; o__Clostridiales; f__Lachnospiraceae; g__NA; s__sp32622	0.99
seq135	k__Bacteria; p__Firmicutes; c__Clostridia; o__Clostridiales; f__Lachnospiraceae; g__NA; s__sp33413	0.99
seq136	k__Bacteria; p__Firmicutes; c__Erysipelotrichia; o__Erysipelotrichales; f__Erysipelotrichaceae; g__NA; s__sp36741	0.99
seq137	k__Bacteria; p__Firmicutes; c__Clostridia; o__Clostridiales; f__Ruminococcaceae; g__Anaerotruncus; s__sp34452-sp34475	0.99
seq138	k__Bacteria; p__Firmicutes; c__Clostridia; o__Clostridiales; f__Ruminococcaceae; g__NA; s__sp34879	0.99
seq139	k__Bacteria; p__Firmicutes; c__Clostridia; o__Clostridiales; f__Lachnospiraceae; g__NA; s__sp32721	0.99
seq140	k__Bacteria; p__Firmicutes; c__Clostridia; o__Clostridiales; f__Lachnospiraceae; g__NA; s__sp33721	0.99
seq141	k__Bacteria; p__Firmicutes; c__Erysipelotrichia; o__Erysipelotrichales; f__Erysipelotrichaceae; g__NA; s__sp36786	0.99
seq142	k__Bacteria; p__Firmicutes; c__Clostridia; o__Clostridiales; f__Ruminococcaceae; g__NA; s__sp34795-sp34820	0.99
seq143	k__Bacteria; p__Firmicutes; c__Clostridia; o__Clostridiales; f__Lachnospiraceae; g__NA; s__sp32655	0.99
seq144	k__Bacteria; p__Firmicutes; c__Clostridia; o__Clostridiales; f__NA; g__NA; s__sp31119	0.99
seq145	k__Bacteria; p__Firmicutes; c__Clostridia; o__Clostridiales; f__Ruminococcaceae; g__NA; s__sp34795-sp34820	0.99
seq146	k__Bacteria; p__Firmicutes; c__Erysipelotrichia; o__Erysipelotrichales; f__Erysipelotrichaceae; g__Turicibacter; s__sanguinis	0.99
seq147	k__Bacteria; p__Firmicutes; c__Clostridia; o__Clostridiales; f__Lachnospiraceae; g__NA; s__sp33440	0.99
seq148	k__Bacteria; p__Firmicutes; c__Clostridia; o__Clostridiales; f__Lachnospiraceae; g__Roseburia; s__sp33143	0.99
seq149	k__Bacteria; p__Firmicutes; c__Clostridia; o__Clostridiales; f__Clostridiaceae; g__Clostridium; s__subterminale	0.99
seq150	k__Bacteria; p__Firmicutes; c__Clostridia; o__Clostridiales; f__Lachnospiraceae; g__NA; s__sp33419	0.99
seq151	k__Bacteria; p__Firmicutes; c__Clostridia; o__Clostridiales; f__Ruminococcaceae; g__NA; s__sp35382	0.99
seq152	k__Bacteria; p__Firmicutes; c__Clostridia; o__Clostridiales; f__Lachnospiraceae; g__NA; s__sp32885	0.99
seq153	k__Bacteria; p__Firmicutes; c__Clostridia; o__Clostridiales; f__Lachnospiraceae; g__NA; s__sp33781	0.99
seq154	k__Bacteria; p__Firmicutes; c__Clostridia; o__Clostridiales; f__Lachnospiraceae; g__NA; s__sp33670	0.99
seq155	k__Bacteria; p__Firmicutes; c__Clostridia; o__Clostridiales; f__Lachnospiraceae; g__NA; s__sp32146	0.99
seq156	k__Bacteria; p__Firmicutes; c__Clostridia; o__Clostridiales; f__Ruminococcaceae; g__NA; s__sp35423	0.99
seq157	k__Bacteria; p__Firmicutes; c__Clostridia; o__Clostridiales; f__Ruminococcaceae; g__Oscillibacter; s__sp34634	0.99
seq158	k__Bacteria; p__Firmicutes; c__Clostridia; o__Clostridiales; f__Ruminococcaceae; g__NA; s__sp35403-sp35413	0.99
seq159	k__Bacteria; p__Firmicutes; c__Clostridia; o__Clostridiales; f__Family XIII; g__NA; s__sp31631	0.99
seq160	k__Bacteria; p__Firmicutes; c__Clostridia; o__Clostridiales; f__Ruminococcaceae; g__NA; s__sp35388	0.99
seq161	k__Bacteria; p__Firmicutes; c__Erysipelotrichia; o__Erysipelotrichales; f__Erysipelotrichaceae; g__NA; s__sp36777	0.99
seq162	k__Bacteria; p__Firmicutes; c__Clostridia; o__Clostridiales; f__Lachnospiraceae; g__NA; s__sp32630	0.99
seq163	k__Bacteria; p__Firmicutes; c__Bacilli; o__Bacillales; f__Staphylococcaceae; g__Staphylococcus; s__capitis-caprae-epidermidis	0.99
seq164	k__Bacteria; p__Firmicutes; c__Bacilli; o__Lactobacillales; f__Streptococcaceae; g__Streptococcus; s__sp30070	0.99
seq165	k__Bacteria; p__Firmicutes; c__Clostridia; o__Clostridiales; f__Lachnospiraceae; g__Roseburia; s__sp33136	0.99
seq166	k__Bacteria; p__Firmicutes; c__Clostridia; o__Clostridiales; f__Lachnospiraceae; g__NA; s__sp32257	0.99
seq167	k__Bacteria; p__Firmicutes; c__Clostridia; o__Clostridiales; f__Lachnospiraceae; g__NA; s__sp32638	0.99
seq168	k__Bacteria; p__Firmicutes; c__Clostridia; o__Clostridiales; f__Lachnospiraceae; g__NA; s__sp33639	0.99
seq169	k__Bacteria; p__Firmicutes; c__Bacilli; o__Bacillales; f__Staphylococcaceae; g__Staphylococcus; s__epidermidis-hominis	0.99
seq170	k__Bacteria; p__Firmicutes; c__Clostridia; o__Clostridiales; f__Ruminococcaceae; g__NA; s__sp35696	0.99
seq171	k__Bacteria; p__Firmicutes; c__Clostridia; o__Clostridiales; f__Ruminococcaceae; g__NA; s__sp33140	0.99
seq172	k__Bacteria; p__Firmicutes; c__Clostridia; o__Clostridiales; f__Lachnospiraceae; g__NA; s__sp33489	0.99
seq173	k__Bacteria; p__Proteobacteria; c__Gammaproteobacteria; o__Enterobacteriales; f__Enterobacteriaceae; g__Raoultella; s__ornithinolytica-planticola	0.99
seq174	k__Bacteria; p__Firmicutes; c__Bacilli; o__Lactobacillales; f__Streptococcaceae; g__Streptococcus; s__suis	0.99
seq175	k__Bacteria; p__Actinobacteria; c__Coriobacteriia; o__Coriobacteriales; f__Coriobacteriaceae; g__Parvibacter; s__caecicola	0.99
seq176	k__Bacteria; p__Firmicutes; c__Clostridia; o__Clostridiales; f__Lachnospiraceae; g__NA; s__sp33524	0.99
seq177	k__Bacteria; p__Firmicutes; c__Clostridia; o__Clostridiales; f__Ruminococcaceae; g__NA; s__sp35310	0.99
seq178	k__Bacteria; p__Firmicutes; c__Clostridia; o__Clostridiales; f__Lachnospiraceae; g__NA; s__sp32261	0.99
seq179	k__Bacteria; p__Firmicutes; c__Clostridia; o__Clostridiales; f__Ruminococcaceae; g__NA; s__sp35424	0.99
seq180	k__Bacteria; p__Firmicutes; c__Clostridia; o__Clostridiales; f__Ruminococcaceae; g__NA; s__sp35077	0.99
seq181	k__Bacteria; p__Firmicutes; c__Clostridia; o__Clostridiales; f__Lachnospiraceae; g__NA; s__sp33760	0.99
seq182	k__Bacteria; p__Firmicutes; c__Clostridia; o__Clostridiales; f__Lachnospiraceae; g__NA; s__sp33432-sp33629	0.99
seq183	k__Bacteria; p__Firmicutes; c__Clostridia; o__Clostridiales; f__Lachnospiraceae; g__NA; s__sp33537	0.99
seq184	k__Bacteria; p__Firmicutes; c__Clostridia; o__Clostridiales; f__Ruminococcaceae; g__NA; s__sp35736	0.99
seq185	k__Bacteria; p__Firmicutes; c__Clostridia; o__Clostridiales; f__NA; g__NA; s__sp31072	0.99
seq186	k__Bacteria; p__Firmicutes; c__Clostridia; o__Clostridiales; f__Ruminococcaceae; g__NA; s__sp34764	0.99
seq187	k__Bacteria; p__Actinobacteria; c__Actinobacteria; o__Frankiales; f__NA; g__NA; s__sp6166	0.99
seq188	k__Bacteria; p__Firmicutes; c__Clostridia; o__Clostridiales; f__Lachnospiraceae; g__Roseburia; s__sp33163	0.99
seq189	k__Bacteria; p__Firmicutes; c__Clostridia; o__Clostridiales; f__Lachnospiraceae; g__NA; s__sp32826	0.99
seq190	k__Bacteria; p__Firmicutes; c__Clostridia; o__Clostridiales; f__Ruminococcaceae; g__Oscillibacter; s__sp34643	0.99
seq191	k__Bacteria; p__Firmicutes; c__Clostridia; o__Clostridiales; f__Clostridiaceae; g__Clostridium; s__celatum	0.99
seq192	k__Bacteria; p__Firmicutes; c__Erysipelotrichia; o__Erysipelotrichales; f__Erysipelotrichaceae; g__Erysipelatoclostridium; s__sp36616-sp36629	0.99
seq193	k__Bacteria; p__Tenericutes; c__Mollicutes; o__NA; f__NA; g__NA; s__sp67838	0.99
seq194	k__Bacteria; p__Firmicutes; c__Clostridia; o__Clostridiales; f__Peptostreptococcaceae; g__Romboutsia; s__ilealis	0.99
seq195	k__Bacteria; p__Actinobacteria; c__Coriobacteriia; o__Coriobacteriales; f__Coriobacteriaceae; g__Enterorhabdus; s__caecimuris	0.99
seq196	k__Bacteria; p__Firmicutes; c__Clostridia; o__Clostridiales; f__Ruminococcaceae; g__NA; s__sp34771	0.99
seq197	k__Bacteria; p__Firmicutes; c__Clostridia; o__Clostridiales; f__Lachnospiraceae; g__NA; s__sp33432-sp33629	0.99
seq198	k__Bacteria; p__Firmicutes; c__Clostridia; o__Clostridiales; f__Ruminococcaceae; g__NA; s__sp35423	0.99
seq199	k__Bacteria; p__Firmicutes; c__Clostridia; o__Clostridiales; f__Lachnospiraceae; g__NA; s__sp33503	0.99
seq200	k__Bacteria; p__Firmicutes; c__Clostridia; o__Clostridiales; f__Lachnospiraceae; g__NA; s__sp33625	0.99
seq201	k__Bacteria; p__Actinobacteria; c__Coriobacteriia; o__Coriobacteriales; f__Coriobacteriaceae; g__Enterorhabdus; s__caecimuris	0.99
seq202	k__Bacteria; p__Firmicutes; c__Bacilli; o__Lactobacillales; f__Enterococcaceae; g__Enterococcus; s__faecalis	0.99
seq203	k__Bacteria; p__Firmicutes; c__Clostridia; o__Clostridiales; f__Lachnospiraceae; g__Lachnoclostridium; s__sp32442	0.99
seq204	k__Bacteria; p__Firmicutes; c__Clostridia; o__Clostridiales; f__Lachnospiraceae; g__NA; s__sp33419	0.99
seq205	k__Bacteria; p__Firmicutes; c__Clostridia; o__Clostridiales; f__Lachnospiraceae; g__NA; s__sp32701	0.99
seq206	k__Bacteria; p__Firmicutes; c__Clostridia; o__Clostridiales; f__Lachnospiraceae; g__NA; s__sp33616-sp33639	0.99
seq207	k__Bacteria; p__Proteobacteria; c__Gammaproteobacteria; o__Enterobacteriales; f__Enterobacteriaceae; g__Enterobacter; s__NA	0.99
seq208	k__Bacteria; p__Firmicutes; c__Clostridia; o__Clostridiales; f__Ruminococcaceae; g__Anaerotruncus; s__sp34475	0.99
seq209	k__Bacteria; p__Firmicutes; c__Clostridia; o__Clostridiales; f__Lachnospiraceae; g__NA; s__sp33658	0.99
seq210	k__Bacteria; p__Firmicutes; c__Clostridia; o__Clostridiales; f__Lachnospiraceae; g__Roseburia; s__sp33136	0.99
seq211	k__Bacteria; p__Firmicutes; c__Clostridia; o__Clostridiales; f__Lachnospiraceae; g__NA; s__sp33470	0.99
seq212	k__Bacteria; p__Firmicutes; c__Clostridia; o__Clostridiales; f__Lachnospiraceae; g__NA; s__sp32622	0.99
seq213	k__Bacteria; p__Firmicutes; c__Clostridia; o__Clostridiales; f__Lachnospiraceae; g__Acetatifactor; s__sp31893	0.99
seq214	k__Bacteria; p__Firmicutes; c__Clostridia; o__Clostridiales; f__Ruminococcaceae; g__NA; s__sp35403	0.99
seq215	k__Bacteria; p__Firmicutes; c__Clostridia; o__Clostridiales; f__Lachnospiraceae; g__Roseburia; s__sp33136	0.99
seq216	k__Bacteria; p__Firmicutes; c__Clostridia; o__Clostridiales; f__NA; g__NA; s__sp31075	0.99
seq217	k__Bacteria; p__Firmicutes; c__Clostridia; o__Clostridiales; f__Lachnospiraceae; g__NA; s__sp33522	0.99
seq218	k__Bacteria; p__Firmicutes; c__Clostridia; o__Clostridiales; f__Lachnospiraceae; g__NA; s__sp32758-sp32766	0.99
seq219	k__Bacteria; p__Firmicutes; c__Clostridia; o__Clostridiales; f__Ruminococcaceae; g__NA; s__sp34977	0.99
seq220	k__Bacteria; p__Bacteroidetes; c__Flavobacteriia; o__Flavobacteriales; f__Flavobacteriaceae; g__Flavobacterium; s__chungangense	0.99
seq221	k__Bacteria; p__Firmicutes; c__Clostridia; o__Clostridiales; f__Lachnospiraceae; g__NA; s__sp33733	0.99
seq222	k__Bacteria; p__Firmicutes; c__Clostridia; o__Clostridiales; f__Lachnospiraceae; g__Marvinbryantia; s__sp32979	0.99
seq223	k__Bacteria; p__Firmicutes; c__Clostridia; o__Clostridiales; f__Lachnospiraceae; g__NA; s__sp33522	0.99
seq224	k__Bacteria; p__Firmicutes; c__Clostridia; o__Clostridiales; f__Ruminococcaceae; g__Oscillibacter; s__sp34643	0.99
seq225	k__Bacteria; p__Firmicutes; c__Clostridia; o__Clostridiales; f__Ruminococcaceae; g__NA; s__sp35841	0.99
seq226	k__Bacteria; p__Actinobacteria; c__Coriobacteriia; o__Coriobacteriales; f__Coriobacteriaceae; g__Enterorhabdus; s__mucosicola	0.99
seq227	k__Bacteria; p__Firmicutes; c__Clostridia; o__Clostridiales; f__Ruminococcaceae; g__NA; s__sp35413	0.99
seq228	k__Bacteria; p__Firmicutes; c__Clostridia; o__Clostridiales; f__Ruminococcaceae; g__NA; s__sp35384	0.99
seq229	k__Bacteria; p__Firmicutes; c__Clostridia; o__Clostridiales; f__Lachnospiraceae; g__NA; s__sp33760	0.99
seq230	k__Bacteria; p__Actinobacteria; c__Coriobacteriia; o__Coriobacteriales; f__Coriobacteriaceae; g__NA; s__sp10426	0.99
seq231	k__Bacteria; p__Actinobacteria; c__Coriobacteriia; o__Coriobacteriales; f__Coriobacteriaceae; g__NA; s__sp10426	0.99
seq232	k__Bacteria; p__Firmicutes; c__Erysipelotrichia; o__Erysipelotrichales; f__Erysipelotrichaceae; g__NA; s__sp36777	0.99
seq233	k__Bacteria; p__Firmicutes; c__Bacilli; o__Bacillales; f__Staphylococcaceae; g__Staphylococcus; s__saprophyticus-xylosus	0.99
seq234	k__Bacteria; p__Firmicutes; c__Clostridia; o__Clostridiales; f__Ruminococcaceae; g__NA; s__sp34731	0.99
seq235	k__Bacteria; p__Actinobacteria; c__Coriobacteriia; o__Coriobacteriales; f__Coriobacteriaceae; g__Enterorhabdus; s__caecimuris	0.99
seq236	k__Bacteria; p__Firmicutes; c__Clostridia; o__Clostridiales; f__NA; g__NA; s__sp31116	0.99
seq237	k__Bacteria; p__Firmicutes; c__Clostridia; o__Clostridiales; f__Ruminococcaceae; g__NA; s__sp34750	0.99
seq238	k__Bacteria; p__Actinobacteria; c__Coriobacteriia; o__Coriobacteriales; f__Coriobacteriaceae; g__Enterorhabdus; s__caecimuris	0.99
seq239	k__Bacteria; p__Firmicutes; c__Clostridia; o__Clostridiales; f__Ruminococcaceae; g__NA; s__sp35382	0.99
seq240	k__Bacteria; p__Firmicutes; c__Erysipelotrichia; o__Erysipelotrichales; f__Erysipelotrichaceae; g__NA; s__sp36741	0.99
seq241	k__Bacteria; p__Firmicutes; c__Clostridia; o__Clostridiales; f__Lachnospiraceae; g__NA; s__sp32701	0.99
seq242	k__Bacteria; p__Firmicutes; c__Clostridia; o__Clostridiales; f__Ruminococcaceae; g__NA; s__sp35403	0.99
seq243	k__Bacteria; p__Firmicutes; c__Clostridia; o__Clostridiales; f__Lachnospiraceae; g__NA; s__sp32758	0.99
seq244	k__Bacteria; p__Firmicutes; c__Clostridia; o__Clostridiales; f__Lachnospiraceae; g__NA; s__sp32706	0.99
seq245	k__Bacteria; p__Firmicutes; c__Clostridia; o__Clostridiales; f__Lachnospiraceae; g__NA; s__sp33478	0.99
seq246	k__Bacteria; p__Firmicutes; c__Clostridia; o__Clostridiales; f__NA; g__NA; s__sp31072	0.99
seq247	k__Bacteria; p__Firmicutes; c__Bacilli; o__Lactobacillales; f__Lactobacillaceae; g__Lactobacillus; s__taiwanensis	0.99
seq248	k__Bacteria; p__Actinobacteria; c__Coriobacteriia; o__Coriobacteriales; f__Coriobacteriaceae; g__NA; s__sp10426	0.99
seq249	k__Bacteria; p__Firmicutes; c__Clostridia; o__Clostridiales; f__Lachnospiraceae; g__NA; s__sp32261	0.99
seq250	k__Bacteria; p__Firmicutes; c__Clostridia; o__Clostridiales; f__Lachnospiraceae; g__NA; s__sp33416-sp33419	0.99
seq252	k__Bacteria; p__Firmicutes; c__Clostridia; o__Clostridiales; f__Ruminococcaceae; g__NA; s__sp34871-sp34878-sp34883	0.99
seq253	k__Bacteria; p__Firmicutes; c__Bacilli; o__Bacillales; f__Staphylococcaceae; g__Staphylococcus; s__pettenkoferi	0.99
seq254	k__Bacteria; p__Firmicutes; c__Clostridia; o__Clostridiales; f__NA; g__NA; s__sp31087-sp31119	0.99
seq255	k__Bacteria; p__Firmicutes; c__Clostridia; o__Clostridiales; f__Lachnospiraceae; g__NA; s__sp32706	0.99
seq256	k__Bacteria; p__Firmicutes; c__Clostridia; o__Clostridiales; f__Lachnospiraceae; g__NA; s__sp32623	0.99
seq257	k__Bacteria; p__Firmicutes; c__Clostridia; o__Clostridiales; f__Ruminococcaceae; g__NA; s__sp35423	0.99
seq258	k__Bacteria; p__Firmicutes; c__Clostridia; o__Clostridiales; f__Lachnospiraceae; g__NA; s__sp33416-sp33419	0.99
seq259	k__Bacteria; p__Firmicutes; c__Clostridia; o__Clostridiales; f__Ruminococcaceae; g__Anaerotruncus; s__sp34443	0.99
seq260	k__Bacteria; p__Firmicutes; c__Clostridia; o__Clostridiales; f__Ruminococcaceae; g__NA; s__sp35388-sp35422-sp35423	0.99
seq261	k__Bacteria; p__Firmicutes; c__Clostridia; o__Clostridiales; f__Lachnospiraceae; g__NA; s__sp33421-sp33679	0.99
seq262	k__Bacteria; p__Firmicutes; c__Bacilli; o__Bacillales; f__Staphylococcaceae; g__Staphylococcus; s__capitis-caprae-epidermidis	0.99
seq264	k__Bacteria; p__Actinobacteria; c__Coriobacteriia; o__Coriobacteriales; f__Coriobacteriaceae; g__NA; s__sp10426	0.99
seq267	k__Bacteria; p__Proteobacteria; c__Betaproteobacteria; o__Neisseriales; f__Neisseriaceae; g__Neisseria; s__macacae-mucosa-sicca	0.99
seq268	k__Bacteria; p__Firmicutes; c__Clostridia; o__Clostridiales; f__Peptostreptococcaceae; g__Romboutsia; s__ilealis	0.99
seq269	k__Bacteria; p__Firmicutes; c__Clostridia; o__Clostridiales; f__Ruminococcaceae; g__NA; s__sp35359	0.99
seq271	k__Bacteria; p__Firmicutes; c__Clostridia; o__Clostridiales; f__Peptostreptococcaceae; g__Romboutsia; s__ilealis	0.99
seq272	k__Bacteria; p__Actinobacteria; c__Coriobacteriia; o__Coriobacteriales; f__Coriobacteriaceae; g__NA; s__sp10426	0.99
seq273	k__Bacteria; p__Firmicutes; c__Clostridia; o__Clostridiales; f__Lachnospiraceae; g__NA; s__sp33597	0.99
seq274	k__Bacteria; p__Firmicutes; c__Clostridia; o__Clostridiales; f__Ruminococcaceae; g__Anaerotruncus; s__sp34455	0.99
seq275	k__Bacteria; p__Firmicutes; c__Erysipelotrichia; o__Erysipelotrichales; f__Erysipelotrichaceae; g__NA; s__sp36786	0.99
seq276	k__Bacteria; p__Firmicutes; c__Clostridia; o__Clostridiales; f__Lachnospiraceae; g__NA; s__sp32668	0.99
seq277	k__Bacteria; p__Actinobacteria; c__Coriobacteriia; o__Coriobacteriales; f__Coriobacteriaceae; g__Enterorhabdus; s__sp10448	0.99
seq278	k__Bacteria; p__Proteobacteria; c__Gammaproteobacteria; o__Vibrionales; f__Vibrionaceae; g__Vibrio; s__shilonii	0.99
seq279	k__Bacteria; p__Actinobacteria; c__Coriobacteriia; o__Coriobacteriales; f__Coriobacteriaceae; g__Parvibacter; s__caecicola	0.99
seq280	k__Bacteria; p__Firmicutes; c__Erysipelotrichia; o__Erysipelotrichales; f__Erysipelotrichaceae; g__Allobaculum; s__sp36555	0.99
seq281	k__Bacteria; p__Firmicutes; c__Clostridia; o__Clostridiales; f__Lachnospiraceae; g__NA; s__sp33766	0.99
seq282	k__Bacteria; p__Firmicutes; c__Clostridia; o__Clostridiales; f__Lachnospiraceae; g__NA; s__sp33443-sp33760	0.99
seq283	k__Bacteria; p__Tenericutes; c__Mollicutes; o__NA; f__NA; g__NA; s__sp67899	0.99
seq284	k__Bacteria; p__Firmicutes; c__Clostridia; o__Clostridiales; f__Lachnospiraceae; g__NA; s__sp33760	0.99
seq285	k__Bacteria; p__Firmicutes; c__Bacilli; o__Lactobacillales; f__Lactobacillaceae; g__Lactobacillus; s__johnsonii-taiwanensis	0.99
seq286	k__Bacteria; p__Firmicutes; c__Bacilli; o__Lactobacillales; f__Enterococcaceae; g__Enterococcus; s__gallinarum-saccharolyticus	0.99
seq287	k__Bacteria; p__Firmicutes; c__Clostridia; o__Clostridiales; f__Ruminococcaceae; g__NA; s__sp35424	0.99
seq288	k__Bacteria; p__Firmicutes; c__Clostridia; o__Clostridiales; f__Lachnospiraceae; g__NA; s__sp33436	0.99
seq289	k__Bacteria; p__Firmicutes; c__Clostridia; o__Clostridiales; f__Ruminococcaceae; g__NA; s__sp35423	0.99
seq290	k__Bacteria; p__Firmicutes; c__Clostridia; o__Clostridiales; f__Lachnospiraceae; g__NA; s__sp32622	0.99
seq291	k__Bacteria; p__Firmicutes; c__Clostridia; o__Clostridiales; f__Lachnospiraceae; g__NA; s__sp33436	0.99
seq292	k__Bacteria; p__Firmicutes; c__Clostridia; o__Clostridiales; f__Lachnospiraceae; g__NA; s__sp33760	0.99
seq293	k__Bacteria; p__Firmicutes; c__Clostridia; o__Clostridiales; f__Ruminococcaceae; g__NA; s__sp34878	0.99
seq294	k__Bacteria; p__Firmicutes; c__Clostridia; o__Clostridiales; f__Ruminococcaceae; g__NA; s__sp35873	0.99
seq295	k__Bacteria; p__Actinobacteria; c__Thermoleophilia; o__Solirubrobacterales; f__Solirubrobacteraceae; g__Solirubrobacter; s__sp11100	0.99
seq296	k__Bacteria; p__Firmicutes; c__Clostridia; o__Clostridiales; f__Lachnospiraceae; g__NA; s__sp33426	0.99
seq297	k__Bacteria; p__Firmicutes; c__Clostridia; o__Clostridiales; f__Lachnospiraceae; g__NA; s__sp33503	0.99
seq298	k__Bacteria; p__Firmicutes; c__Clostridia; o__Clostridiales; f__Lachnospiraceae; g__NA; s__sp33416-sp33419	0.99
seq299	k__Bacteria; p__Firmicutes; c__Clostridia; o__Clostridiales; f__Lachnospiraceae; g__NA; s__sp33739	0.99
seq300	k__Bacteria; p__Proteobacteria; c__Alphaproteobacteria; o__Rhodospirillales; f__Rhodospirillaceae; g__Thalassospira; s__sp46235	0.99
seq301	k__Bacteria; p__Firmicutes; c__Clostridia; o__Clostridiales; f__Lachnospiraceae; g__Acetatifactor; s__sp31893	0.99
seq303	k__Bacteria; p__Proteobacteria; c__Alphaproteobacteria; o__Rhodospirillales; f__Rhodospirillaceae; g__Thalassospira; s__sp46235	0.99
seq304	k__Bacteria; p__Firmicutes; c__Clostridia; o__Clostridiales; f__Lachnospiraceae; g__Blautia; s__sp32015	0.99
seq305	k__Bacteria; p__Firmicutes; c__Clostridia; o__Clostridiales; f__Lachnospiraceae; g__NA; s__sp33756	0.99
seq306	k__Bacteria; p__Firmicutes; c__Clostridia; o__Clostridiales; f__Lachnospiraceae; g__NA; s__sp32635-sp32668	0.99
seq307	k__Bacteria; p__Proteobacteria; c__Alphaproteobacteria; o__Sphingomonadales; f__Sphingomonadaceae; g__Sphingobium; s__limneticum	0.99
seq308	k__Bacteria; p__Firmicutes; c__Clostridia; o__Clostridiales; f__Lachnospiraceae; g__NA; s__sp33718	0.99
seq309	k__Bacteria; p__Firmicutes; c__Clostridia; o__Clostridiales; f__Lachnospiraceae; g__NA; s__sp32761	0.99
seq311	k__Bacteria; p__Firmicutes; c__Clostridia; o__Clostridiales; f__Ruminococcaceae; g__NA; s__sp35384	0.99
seq312	k__Bacteria; p__Firmicutes; c__Bacilli; o__Bacillales; f__Staphylococcaceae; g__Staphylococcus; s__cohnii-nepalensis	0.99
seq313	k__Bacteria; p__Firmicutes; c__Clostridia; o__Clostridiales; f__Lachnospiraceae; g__NA; s__sp33760	0.99
seq314	k__Bacteria; p__Firmicutes; c__Clostridia; o__Clostridiales; f__Ruminococcaceae; g__Anaerotruncus; s__sp34481	0.99
seq315	k__Bacteria; p__Firmicutes; c__Clostridia; o__Clostridiales; f__Lachnospiraceae; g__NA; s__sp32655	0.99
seq316	k__Bacteria; p__Proteobacteria; c__Gammaproteobacteria; o__Pseudomonadales; f__Moraxellaceae; g__Acinetobacter; s__junii	0.99
seq317	k__Bacteria; p__Firmicutes; c__Clostridia; o__Clostridiales; f__Lachnospiraceae; g__Lachnoclostridium; s__sp32344	0.99
seq318	k__Bacteria; p__Firmicutes; c__Clostridia; o__Clostridiales; f__Lachnospiraceae; g__NA; s__sp33614	0.99
seq320	k__Bacteria; p__Firmicutes; c__Clostridia; o__Clostridiales; f__NA; g__NA; s__sp31125	0.99
seq322	k__Bacteria; p__Actinobacteria; c__Coriobacteriia; o__Coriobacteriales; f__Coriobacteriaceae; g__NA; s__sp10426	0.99
seq323	k__Bacteria; p__Firmicutes; c__Clostridia; o__Clostridiales; f__Lachnospiraceae; g__NA; s__sp32862	0.99
seq324	k__Bacteria; p__Firmicutes; c__Bacilli; o__Lactobacillales; f__Lactobacillaceae; g__Lactobacillus; s__johnsonii	0.99
seq325	k__Bacteria; p__Firmicutes; c__Clostridia; o__Clostridiales; f__Ruminococcaceae; g__NA; s__sp35419	0.99
seq326	k__Bacteria; p__Firmicutes; c__Clostridia; o__Clostridiales; f__Ruminococcaceae; g__NA; s__sp35384	0.99
seq327	k__Bacteria; p__Firmicutes; c__Clostridia; o__Clostridiales; f__Ruminococcaceae; g__NA; s__sp35384	0.99
seq328	k__Bacteria; p__Firmicutes; c__Clostridia; o__Clostridiales; f__Lachnospiraceae; g__NA; s__sp33766	0.99
seq329	k__Bacteria; p__Firmicutes; c__Clostridia; o__Clostridiales; f__Lachnospiraceae; g__NA; s__sp33760	0.99
seq330	k__Bacteria; p__Firmicutes; c__Clostridia; o__Clostridiales; f__NA; g__NA; s__sp31082	0.99
seq331	k__Bacteria; p__Firmicutes; c__Clostridia; o__Clostridiales; f__Ruminococcaceae; g__Oscillibacter; s__sp34643	0.99
seq332	k__Bacteria; p__Firmicutes; c__Clostridia; o__Clostridiales; f__NA; g__NA; s__sp31115	0.99
seq334	k__Bacteria; p__Firmicutes; c__Clostridia; o__Clostridiales; f__Lachnospiraceae; g__Robinsoniella; s__peoriensis	0.99
seq335	k__Bacteria; p__Bacteroidetes; c__Bacteroidia; o__Bacteroidales; f__Bacteroidaceae; g__Bacteroides; s__faecichinchillae	0.99
seq336	k__Bacteria; p__Firmicutes; c__Clostridia; o__Clostridiales; f__Lachnospiraceae; g__Blautia; s__sp32002-sp32009	0.99
seq337	k__Bacteria; p__Firmicutes; c__Clostridia; o__Clostridiales; f__Ruminococcaceae; g__NA; s__sp34794	0.99
seq338	k__Bacteria; p__Firmicutes; c__Clostridia; o__Clostridiales; f__Lachnospiraceae; g__NA; s__sp33433	0.99
seq339	k__Bacteria; p__Firmicutes; c__Clostridia; o__Clostridiales; f__Ruminococcaceae; g__NA; s__sp35841	0.99
seq340	k__Bacteria; p__Firmicutes; c__Clostridia; o__Clostridiales; f__Ruminococcaceae; g__NA; s__sp35799	0.99
seq341	k__Bacteria; p__Firmicutes; c__Clostridia; o__Clostridiales; f__Lachnospiraceae; g__NA; s__sp33416-sp33419	0.99
seq342	k__Bacteria; p__Firmicutes; c__Clostridia; o__Clostridiales; f__Ruminococcaceae; g__NA; s__sp34878	0.99
seq343	k__Bacteria; p__Firmicutes; c__Clostridia; o__Clostridiales; f__Lachnospiraceae; g__NA; s__sp32806	0.99
seq344	k__Bacteria; p__Firmicutes; c__Bacilli; o__Lactobacillales; f__Lactobacillaceae; g__Lactobacillus; s__taiwanensis	0.99
seq346	k__Bacteria; p__Bacteroidetes; c__Bacteroidia; o__Bacteroidales; f__Bacteroidaceae; g__Bacteroides; s__sp12271	0.99
seq347	k__Bacteria; p__Firmicutes; c__Clostridia; o__Clostridiales; f__Lachnospiraceae; g__NA; s__sp32261	0.99
seq348	k__Bacteria; p__Actinobacteria; c__Actinobacteria; o__Propionibacteriales; f__Nocardioidaceae; g__Nocardioides; s__hwasunensis	0.99
seq349	k__Bacteria; p__Verrucomicrobia; c__Verrucomicrobiae; o__Verrucomicrobiales; f__Verrucomicrobiaceae; g__Akkermansia; s__muciniphila	0.99
seq350	k__Bacteria; p__Actinobacteria; c__Actinobacteria; o__Micrococcales; f__Micrococcaceae; g__Kocuria; s__assamensis-palustris	0.99
seq351	k__Bacteria; p__Firmicutes; c__Clostridia; o__Clostridiales; f__Peptostreptococcaceae; g__Romboutsia; s__ilealis	0.99
seq352	k__Bacteria; p__Firmicutes; c__Clostridia; o__Clostridiales; f__Lachnospiraceae; g__NA; s__sp33428	0.99
seq355	k__Bacteria; p__Firmicutes; c__Clostridia; o__Clostridiales; f__Lachnospiraceae; g__Tyzzerella; s__sp33281	0.99
seq356	k__Bacteria; p__Firmicutes; c__Clostridia; o__Clostridiales; f__Clostridiaceae; g__Clostridium; s__celatum	0.99
seq357	k__Bacteria; p__Firmicutes; c__Clostridia; o__Clostridiales; f__Lachnospiraceae; g__NA; s__sp33760	0.99
seq358	k__Bacteria; p__Firmicutes; c__Clostridia; o__Clostridiales; f__Lachnospiraceae; g__NA; s__sp32693	0.99
seq359	k__Bacteria; p__Firmicutes; c__Clostridia; o__Clostridiales; f__Lachnospiraceae; g__NA; s__sp33453	0.99
seq360	k__Bacteria; p__Firmicutes; c__Clostridia; o__Clostridiales; f__NA; g__NA; s__sp31072	0.99
seq361	k__Bacteria; p__Firmicutes; c__Clostridia; o__Clostridiales; f__Ruminococcaceae; g__NA; s__sp35360	0.99
seq363	k__Bacteria; p__Firmicutes; c__Erysipelotrichia; o__Erysipelotrichales; f__Erysipelotrichaceae; g__NA; s__sp36786	0.99
seq365	k__Bacteria; p__Bacteroidetes; c__Cytophagia; o__Cytophagales; f__Cytophagaceae; g__Rhodocytophaga; s__sp15332	0.99
seq366	k__Bacteria; p__Firmicutes; c__Clostridia; o__Clostridiales; f__Ruminococcaceae; g__NA; s__sp35696	0.99
seq367	k__Bacteria; p__Firmicutes; c__Clostridia; o__Clostridiales; f__NA; g__NA; s__sp31115	0.99
seq368	k__Bacteria; p__Firmicutes; c__Clostridia; o__Clostridiales; f__Lachnospiraceae; g__NA; s__sp33760	0.99
seq369	k__Bacteria; p__Firmicutes; c__Clostridia; o__Clostridiales; f__Ruminococcaceae; g__NA; s__sp35360	0.99
seq370	k__Bacteria; p__Firmicutes; c__Clostridia; o__Clostridiales; f__Lachnospiraceae; g__Marvinbryantia; s__sp32989	0.99
seq372	k__Bacteria; p__Firmicutes; c__Clostridia; o__Clostridiales; f__Ruminococcaceae; g__NA; s__sp35841	0.99
seq373	k__Bacteria; p__Firmicutes; c__Clostridia; o__Clostridiales; f__NA; g__NA; s__sp31118	0.99
seq374	k__Bacteria; p__Firmicutes; c__Clostridia; o__Clostridiales; f__Lachnospiraceae; g__NA; s__sp33760	0.99
seq375	k__Bacteria; p__Firmicutes; c__Erysipelotrichia; o__Erysipelotrichales; f__Erysipelotrichaceae; g__NA; s__sp36777	0.99
seq376	k__Bacteria; p__Firmicutes; c__Clostridia; o__Clostridiales; f__Family XIII; g__NA; s__sp31651	0.99
seq378	k__Bacteria; p__Firmicutes; c__Clostridia; o__Clostridiales; f__Lachnospiraceae; g__NA; s__sp33453	0.99
seq379	k__Bacteria; p__Firmicutes; c__Clostridia; o__Clostridiales; f__Ruminococcaceae; g__NA; s__sp35733	0.99
seq382	k__Bacteria; p__Firmicutes; c__Clostridia; o__Clostridiales; f__Ruminococcaceae; g__Oscillibacter; s__sp34650-sp34654	0.99
seq384	k__Bacteria; p__Firmicutes; c__Clostridia; o__Clostridiales; f__Family XI; g__Anaerococcus; s__octavius	0.99
seq385	k__Bacteria; p__Tenericutes; c__Mollicutes; o__NA; f__NA; g__NA; s__sp67838	0.99
seq386	k__Bacteria; p__Actinobacteria; c__Actinobacteria; o__Corynebacteriales; f__Corynebacteriaceae; g__Corynebacterium; s__coyleae-pilbarense	0.99
seq387	k__Bacteria; p__Firmicutes; c__Clostridia; o__Clostridiales; f__Lachnospiraceae; g__NA; s__sp33453	0.99
seq388	k__Bacteria; p__Firmicutes; c__Clostridia; o__Clostridiales; f__Ruminococcaceae; g__NA; s__sp35799	0.99
seq390	k__Bacteria; p__Firmicutes; c__Clostridia; o__Clostridiales; f__NA; g__NA; s__sp31082	0.99
seq391	k__Bacteria; p__Bacteroidetes; c__Bacteroidia; o__Bacteroidales; f__Bacteroidaceae; g__Bacteroides; s__sp12288-thetaiotaomicron	0.99
seq393	k__Bacteria; p__Firmicutes; c__Clostridia; o__Clostridiales; f__Lachnospiraceae; g__NA; s__sp33760	0.99
seq394	k__Bacteria; p__Actinobacteria; c__Actinobacteria; o__Frankiales; f__Geodermatophilaceae; g__Blastococcus; s__endophyticus	0.99
seq396	k__Bacteria; p__Firmicutes; c__Clostridia; o__Clostridiales; f__Ruminococcaceae; g__NA; s__sp34820	0.99
seq397	k__Bacteria; p__Bacteroidetes; c__Bacteroidia; o__Bacteroidales; f__NA; g__NA; s__sp12656	0.99
seq398	k__Bacteria; p__Firmicutes; c__Clostridia; o__Clostridiales; f__Ruminococcaceae; g__NA; s__sp35799	0.99
seq399	k__Bacteria; p__Firmicutes; c__Bacilli; o__Bacillales; f__Staphylococcaceae; g__Staphylococcus; s__epidermidis-hominis	0.99
seq400	k__Bacteria; p__Firmicutes; c__Erysipelotrichia; o__Erysipelotrichales; f__Erysipelotrichaceae; g__Allobaculum; s__sp36555	0.99
seq401	k__Bacteria; p__Firmicutes; c__Clostridia; o__Clostridiales; f__Ruminococcaceae; g__NA; s__sp35730	0.99
seq402	k__Bacteria; p__Firmicutes; c__Clostridia; o__Clostridiales; f__NA; g__NA; s__sp31125	0.99
seq403	k__Bacteria; p__Actinobacteria; c__Actinobacteria; o__Propionibacteriales; f__Propionibacteriaceae; g__Propionibacterium; s__acnes	0.99
seq405	k__Bacteria; p__Firmicutes; c__Clostridia; o__Clostridiales; f__Lachnospiraceae; g__NA; s__sp33524	0.99
seq406	k__Bacteria; p__Proteobacteria; c__Alphaproteobacteria; o__Sphingomonadales; f__Sphingomonadaceae; g__Sphingomonas; s__astaxanthinifaciens	0.99
seq407	k__Bacteria; p__Fusobacteria; c__Fusobacteriia; o__Fusobacteriales; f__Fusobacteriaceae; g__Fusobacterium; s__nucleatum	0.99
seq408	k__Bacteria; p__Firmicutes; c__Clostridia; o__Clostridiales; f__Family XI; g__Peptoniphilus; s__grossensis	0.99
seq409	k__Bacteria; p__Firmicutes; c__Clostridia; o__Clostridiales; f__Lachnospiraceae; g__NA; s__sp32274	0.99
seq410	k__Bacteria; p__Firmicutes; c__Clostridia; o__Clostridiales; f__Ruminococcaceae; g__NA; s__sp34883	0.99
seq411	k__Bacteria; p__Firmicutes; c__Clostridia; o__Clostridiales; f__Lachnospiraceae; g__NA; s__sp32885	0.99
seq413	k__Bacteria; p__Firmicutes; c__Clostridia; o__Clostridiales; f__Lachnospiraceae; g__NA; s__sp33760	0.99
seq415	k__Bacteria; p__Firmicutes; c__Clostridia; o__Clostridiales; f__Lachnospiraceae; g__NA; s__sp33426	0.99
seq416	k__Bacteria; p__Firmicutes; c__Clostridia; o__Clostridiales; f__Family XI; g__Helcococcus; s__ovis	0.99
seq417	k__Bacteria; p__Firmicutes; c__Clostridia; o__Clostridiales; f__Ruminococcaceae; g__NA; s__sp35693	0.99
seq418	k__Bacteria; p__Firmicutes; c__Clostridia; o__Clostridiales; f__NA; g__NA; s__sp31075	0.99
seq419	k__Bacteria; p__Firmicutes; c__Clostridia; o__Clostridiales; f__Lachnospiraceae; g__NA; s__sp32883	0.99
seq420	k__Bacteria; p__Firmicutes; c__Bacilli; o__Lactobacillales; f__Enterococcaceae; g__Enterococcus; s__faecalis	0.99
seq421	k__Bacteria; p__Actinobacteria; c__Actinobacteria; o__Corynebacteriales; f__Corynebacteriaceae; g__Corynebacterium; s__aurimucosum	0.99
seq422	k__Bacteria; p__Proteobacteria; c__Betaproteobacteria; o__Burkholderiales; f__Alcaligenaceae; g__Parasutterella; s__excrementihominis	0.99
seq423	k__Bacteria; p__Firmicutes; c__Clostridia; o__Clostridiales; f__Peptostreptococcaceae; g__Paeniclostridium; s__sordellii	0.99
seq424	k__Bacteria; p__Firmicutes; c__Clostridia; o__Clostridiales; f__Lachnospiraceae; g__NA; s__sp33766	0.99
seq425	k__Bacteria; p__Bacteroidetes; c__Bacteroidia; o__Bacteroidales; f__Bacteroidaceae; g__Bacteroides; s__faecichinchillae-finegoldii	0.99
seq426	k__Bacteria; p__Firmicutes; c__Bacilli; o__Lactobacillales; f__Lactobacillaceae; g__Lactobacillus; s__taiwanensis	0.99
seq427	k__Bacteria; p__Firmicutes; c__Clostridia; o__Clostridiales; f__Lachnospiraceae; g__NA; s__sp32761	0.99
seq428	k__Bacteria; p__Firmicutes; c__Clostridia; o__Clostridiales; f__Ruminococcaceae; g__NA; s__sp34764	0.99
seq430	k__Bacteria; p__Firmicutes; c__Clostridia; o__Clostridiales; f__Ruminococcaceae; g__NA; s__sp35360	0.99
seq431	k__Bacteria; p__Firmicutes; c__Clostridia; o__Clostridiales; f__Lachnospiraceae; g__NA; s__sp33503	0.99
seq432	k__Bacteria; p__Firmicutes; c__Clostridia; o__Clostridiales; f__Lachnospiraceae; g__NA; s__sp33417	0.99
seq434	k__Bacteria; p__Bacteroidetes; c__Bacteroidia; o__Bacteroidales; f__Bacteroidaceae; g__Bacteroides; s__sp12271	0.99
seq435	k__Bacteria; p__Firmicutes; c__Clostridia; o__Clostridiales; f__Lachnospiraceae; g__NA; s__sp33374	0.99
seq437	k__Bacteria; p__Firmicutes; c__Clostridia; o__Clostridiales; f__Lachnospiraceae; g__NA; s__sp33381	0.99
seq438	k__Bacteria; p__Firmicutes; c__Clostridia; o__Clostridiales; f__Lachnospiraceae; g__NA; s__sp32156	0.99
seq441	k__Bacteria; p__Bacteroidetes; c__Bacteroidia; o__Bacteroidales; f__NA; g__NA; s__sp12656	0.99
seq442	k__Bacteria; p__Firmicutes; c__Clostridia; o__Clostridiales; f__Ruminococcaceae; g__NA; s__sp35639	0.99
seq443	k__Bacteria; p__Bacteroidetes; c__Bacteroidia; o__Bacteroidales; f__Bacteroidaceae; g__Bacteroides; s__faecichinchillae	0.99
seq444	k__Bacteria; p__Bacteroidetes; c__Bacteroidia; o__Bacteroidales; f__Bacteroidaceae; g__Bacteroides; s__sp12271	0.99
seq445	k__Bacteria; p__Firmicutes; c__Clostridia; o__Clostridiales; f__Lachnospiraceae; g__Lachnoclostridium; s__sp32414	0.99
seq446	k__Bacteria; p__Firmicutes; c__Negativicutes; o__Selenomonadales; f__Veillonellaceae; g__Anaeroglobus; s__geminatus	0.99
seq447	k__Bacteria; p__Firmicutes; c__Clostridia; o__Clostridiales; f__Lachnospiraceae; g__Tyzzerella; s__sp33281	0.99
seq448	k__Bacteria; p__Verrucomicrobia; c__Verrucomicrobiae; o__Verrucomicrobiales; f__Verrucomicrobiaceae; g__Akkermansia; s__muciniphila	0.99
seq449	k__Bacteria; p__Proteobacteria; c__Alphaproteobacteria; o__Rhodospirillales; f__Rhodospirillaceae; g__Skermanella; s__aerolata-sp46220	0.99
seq450	k__Bacteria; p__Firmicutes; c__Clostridia; o__Clostridiales; f__Lachnospiraceae; g__NA; s__sp33419	0.99
seq451	k__Bacteria; p__Firmicutes; c__Clostridia; o__Clostridiales; f__Lachnospiraceae; g__NA; s__sp32790	0.99
seq452	k__Bacteria; p__Firmicutes; c__Clostridia; o__Clostridiales; f__Ruminococcaceae; g__NA; s__sp35730	0.99
seq453	k__Bacteria; p__Firmicutes; c__Clostridia; o__Clostridiales; f__Family XIII; g__NA; s__sp31521	0.99
seq454	k__Bacteria; p__Firmicutes; c__Clostridia; o__Clostridiales; f__Lachnospiraceae; g__NA; s__sp32821	0.99
seq455	k__Bacteria; p__Firmicutes; c__Clostridia; o__Clostridiales; f__Lachnospiraceae; g__NA; s__sp32790	0.99
seq456	k__Bacteria; p__Firmicutes; c__Clostridia; o__Clostridiales; f__Lachnospiraceae; g__NA; s__sp32146	0.99
seq457	k__Bacteria; p__Firmicutes; c__Erysipelotrichia; o__Erysipelotrichales; f__Erysipelotrichaceae; g__Allobaculum; s__sp36555	0.99
seq458	k__Bacteria; p__Actinobacteria; c__Coriobacteriia; o__Coriobacteriales; f__Coriobacteriaceae; g__Adlercreutzia-Asaccharobacter; s__celatus-equolifaciens	0.99
seq459	k__Bacteria; p__Actinobacteria; c__Actinobacteria; o__Propionibacteriales; f__Propionibacteriaceae; g__Propionibacterium; s__acnes	0.99
seq460	k__Bacteria; p__Firmicutes; c__Clostridia; o__Clostridiales; f__Lachnospiraceae; g__NA; s__sp33453	0.99
seq461	k__Bacteria; p__Firmicutes; c__Clostridia; o__Clostridiales; f__NA; g__NA; s__sp31115	0.99
seq462	k__Bacteria; p__Firmicutes; c__Erysipelotrichia; o__Erysipelotrichales; f__Erysipelotrichaceae; g__Erysipelatoclostridium; s__ramosum	0.99
seq463	k__Bacteria; p__Tenericutes; c__Mollicutes; o__NA; f__NA; g__NA; s__sp67844	0.99
seq464	k__Bacteria; p__Proteobacteria; c__Betaproteobacteria; o__Neisseriales; f__Neisseriaceae; g__NA; s__sp50014	0.99
seq465	k__Bacteria; p__Firmicutes; c__Clostridia; o__Clostridiales; f__Lachnospiraceae; g__Anaerostipes; s__caccae	0.99
seq466	k__Bacteria; p__Actinobacteria; c__Coriobacteriia; o__Coriobacteriales; f__Coriobacteriaceae; g__NA; s__sp10426	0.99
seq467	k__Bacteria; p__Firmicutes; c__Clostridia; o__Clostridiales; f__Lachnospiraceae; g__NA; s__NA	0.99
seq468	k__Bacteria; p__Firmicutes; c__Clostridia; o__Clostridiales; f__NA; g__NA; s__sp31072	0.99
seq469	k__Bacteria; p__Firmicutes; c__Clostridia; o__Clostridiales; f__Lachnospiraceae; g__NA; s__sp32883	0.99
seq470	k__Bacteria; p__Firmicutes; c__Clostridia; o__Clostridiales; f__Lachnospiraceae; g__Roseburia; s__sp33112	0.99
seq471	k__Bacteria; p__Firmicutes; c__Clostridia; o__Clostridiales; f__Lachnospiraceae; g__NA; s__sp33525	0.99
seq472	k__Bacteria; p__Proteobacteria; c__Gammaproteobacteria; o__Alteromonadales; f__Colwelliaceae; g__Litorilituus; s__sediminis	0.99
seq473	k__Bacteria; p__Firmicutes; c__Clostridia; o__Clostridiales; f__Ruminococcaceae; g__NA; s__sp35494	0.99
seq474	k__Bacteria; p__Bacteroidetes; c__Bacteroidia; o__Bacteroidales; f__Bacteroidaceae; g__Bacteroides; s__sp12288-thetaiotaomicron	0.99
seq475	k__Bacteria; p__Firmicutes; c__Clostridia; o__Clostridiales; f__Lachnospiraceae; g__NA; s__sp33438	0.99
seq476	k__Bacteria; p__Firmicutes; c__Clostridia; o__Clostridiales; f__Lachnospiraceae; g__NA; s__sp33453	0.99
seq477	k__Bacteria; p__Actinobacteria; c__Coriobacteriia; o__Coriobacteriales; f__Coriobacteriaceae; g__NA; s__sp10426	0.99
seq478	k__Bacteria; p__Firmicutes; c__Erysipelotrichia; o__Erysipelotrichales; f__Erysipelotrichaceae; g__NA; s__sp36741	0.99
seq479	k__Bacteria; p__Firmicutes; c__Bacilli; o__Lactobacillales; f__Lactobacillaceae; g__Lactobacillus; s__johnsonii-taiwanensis	0.99
seq480	k__Bacteria; p__Firmicutes; c__Clostridia; o__Clostridiales; f__Clostridiaceae; g__Clostridium; s__celatum	0.99
